Name,Twitter-Handle,Party,Gender
Bonelli Angelo,AngeloBonelli1,Alleanza Verdi Sinistra,M
Borrelli Francesco Emilio,NotizieFrance,Alleanza Verdi Sinistra,M
Dori Devis,DevisDori,Alleanza Verdi Sinistra,M
Evi Eleonora,EleonoraEvi,Alleanza Verdi Sinistra,F
Fratoianni Nicola,NFratoianni,Alleanza Verdi Sinistra,M
Ghirra Francesca,fraghirra,Alleanza Verdi Sinistra,F
Grimaldi Marco,marcogrimaldi_,Alleanza Verdi Sinistra,M
Mari Francesco,francomari4,Alleanza Verdi Sinistra,M
Piccolotti Elisabetta,BettaPiccolotti,Alleanza Verdi Sinistra,F
Soumahoro Aboubakar,aboubakar_soum,Alleanza Verdi Sinistra,M
Zanella Luana,veneziazanella,Alleanza Verdi Sinistra,F
Zaratti Filiberto,-----,Alleanza Verdi Sinistra,M
Benzoni Fabrizio,fabriziobenzoni,Azione - Italia Viva,M
Bonetti Elena,elenabonetti,Azione - Italia Viva,F
Bonifazi Francesco,FrancescoBonif1,Azione - Italia Viva,M
Boschi Maria Elena,meb,Azione - Italia Viva,F
Carfagna Maria Rosaria,mara_carfagna,Azione - Italia Viva,F
Castiglione Giuseppe,G_Castiglione,Azione - Italia Viva,M
Costa Enrico,Enrico__Costa,Azione - Italia Viva,M
D'alessio Antonio,-----,Azione - Italia Viva,M
De Monte Isabella,IsabellaDeMonte,Azione - Italia Viva,F
Del Barba Mauro,emmedibi,Azione - Italia Viva,M
Faraone Davide,davidefaraone,Azione - Italia Viva,M
Gadda Maria Chiara,McGadda,Azione - Italia Viva,F
Giachetti Roberto,bobogiac,Azione - Italia Viva,M
Grippo Valentina,AdamoPantano,Azione - Italia Viva,F
Gruppioni Naike,naike_gruppioni,Azione - Italia Viva,F
Marattin Luigi,marattin,Azione - Italia Viva,M
Pastorella Giulia,PastorellaGiu,Azione - Italia Viva,F
Richetti Matteo,MatteoRichetti,Azione - Italia Viva,M
Rosato Ettore,Ettore_Rosato,Azione - Italia Viva,M
Ruffino Daniela,DanielaRuffino2,Azione - Italia Viva,F
Sottanelli Giulio Cesare,ce_giulio,Azione - Italia Viva,M
Arruzzolo Giovanni,-----,Forza Italia,M
Bagnasco Roberto,RobBagnasco,Forza Italia,M
Barelli Paolo,-----,Forza Italia,M
Battilocchio Alessandro,AleBattilocchio,Forza Italia,M
Battistoni Francesco,frabattistoni,Forza Italia,M
Benigni Stefano,stefanobenigni,Forza Italia,M
Bergamini Deborah,DeborahBergamin,Forza Italia,F
Calderone Tommaso Antonino,TommasoCaldero1,Forza Italia,M
Cannizzaro Francesco,votacannizzaro,Forza Italia,M
Cappellacci Ugo,ugocappellacci,Forza Italia,M
Caroppo Andrea,caroppo_andrea,Forza Italia,M
Casasco Maurizio,casascomaurizio,Forza Italia,M
Cattaneo Alessandro,aleCattaneo79,Forza Italia,M
Cortelazzo Piergiorgio,pcortelazzo,Forza Italia,M
D'attis Mauro,MauroDattis,Forza Italia,M
Dalla Chiesa Rita,ritadallachiesa,Forza Italia,F
De Palma Vito,vitodepalma,Forza Italia,M
Fascina Marta Antonia,-----,Forza Italia,F
Ferrante Tullio,tullio_ferrante,Forza Italia,M
Gatta Giacomo Diego,-----,Forza Italia,M
Mangialavori Giuseppe Tommaso Vincenzo,g_mangialavori,Forza Italia,M
Marrocco Patrizia,MarroccoPatty,Forza Italia,F
Mazzetti Erica,Mazzettierica1,Forza Italia,F
Mule' Giorgio,giorgiomule,Forza Italia,M
Nevi Raffaele,raffaelenevi,Forza Italia,M
Orsini Andrea Giorgio Felice Maria,Andrors,Forza Italia,M
Pagano Nazario,NazarioPagano,Forza Italia,M
Patriarca Annarita,AnnaritaPatriar,Forza Italia,F
Pella Roberto,roberto_pella,Forza Italia,M
Pichetto Fratin Gilberto,gilpichetto,Forza Italia,M
Pittalis Pietro,PittalisPietro,Forza Italia,M
Polidori Catia,CatiaPolidori,Forza Italia,F
Rossello Cristina,AvvRossello,Forza Italia,F
Rubano Francesco Maria,FrancescoMRuban,Forza Italia,M
Russo Paolo Emilio,paoloerusso,Forza Italia,M
Saccani Gloria,-----,Forza Italia,F
Sala Fabrizio,fabri_sala,Forza Italia,M
Siracusano Matilde,mati_siracusano,Forza Italia,F
Sorte Alessandro,sortealex,Forza Italia,M
Squeri Luca,LucaSqueri,Forza Italia,M
Tajani Antonio,Antonio_Tajani,Forza Italia,M
Tassinari Rosaria,-----,Forza Italia,F
Tenerini Chiara,chiaratenerini2,Forza Italia,F
Tosi Flavio,FlavioTosiTW,Forza Italia,M
Albano Lucia,Lucia__Albano,Fratelli d'Italia,F
Almici Cristina,-----,Fratelli d'Italia,F
Ambrosi Alessia,AleAmbrosiTW,Fratelli d'Italia,F
Amich Vincenzo,-----,Fratelli d'Italia,M
Amorese Alessandro,-----,Fratelli d'Italia,M
Antoniozzi Alfredo,a_antoniozzi,Fratelli d'Italia,M
Baldelli Antonio,-----,Fratelli d'Italia,M
Bellucci Maria Teresa,MaresaBellucci,Fratelli d'Italia,F
Benvenuti Gostoli Stefano Maria,Ste_Benv_Gost,Fratelli d'Italia,M
Bignami Galeazzo,galeazzobignami,Fratelli d'Italia,M
Buonguerrieri Alice,-----,Fratelli d'Italia,F
Caiata Salvatore,CaiataSalvatore,Fratelli d'Italia,M
Calovini Giangiacomo,GG_Calovini,Fratelli d'Italia,M
Cangiano Gerolamo,-----,Fratelli d'Italia,M
Cannata Giovanni Luca,sindacoluca33,Fratelli d'Italia,M
Caramanna Gianluca,-----,Fratelli d'Italia,M
Caretta Maria Cristina,carettamc11,Fratelli d'Italia,F
Cerreto Marco,MarcoCerreto,Fratelli d'Italia,M
Chiesa Paola Maria,-----,Fratelli d'Italia,F
Ciaburro Monica,monicaciaburro,Fratelli d'Italia,F
Ciancitto Francesco Maria Salvatore,F_Ciancitto,Fratelli d'Italia,M
Ciocchetti Luciano,LCiocchetti,Fratelli d'Italia,M
Cirielli Edmondo,edmondocirielli,Fratelli d'Italia,M
Colombo Beatriz,-----,Fratelli d'Italia,F
Colosimo Chiara,ChiaraColosimo,Fratelli d'Italia,F
Comba Fabrizio,votacomba,Fratelli d'Italia,M
Congedo Saverio,SaverioCongedo,Fratelli d'Italia,M
Coppo Marcello,MarcelloCoppo,Fratelli d'Italia,M
De Bertoldi Andrea,AdeBertoldi,Fratelli d'Italia,M
De Corato Riccardo,R_De_Corato,Fratelli d'Italia,M
Deidda Salvatore,deidda,Fratelli d'Italia,M
Delmastro Delle Vedove Andrea,DelmastroAndrea,Fratelli d'Italia,M
Di Giuseppe Andrea,adg_iovoto,Fratelli d'Italia,M
Di Maggio Grazia,-----,Fratelli d'Italia,F
Dondi Daniela,daniela_dondi,Fratelli d'Italia,F
Donzelli Giovanni,Donzelli,Fratelli d'Italia,M
Ferro Wanda,wandaferro1,Fratelli d'Italia,F
Filini Francesco,FrancescoFilini,Fratelli d'Italia,M
Fitto Raffaele,RaffaeleFitto,Fratelli d'Italia,M
Foti Tommaso,TommasoFoti,Fratelli d'Italia,M
Frassinetti Paola,FrassinettiP,Fratelli d'Italia,F
Frijia Maria Grazia,MariaFrijia,Fratelli d'Italia,F
Gardini Elisabetta,EGardini,Fratelli d'Italia,F
Gemmato Marcello,marcellogemmato,Fratelli d'Italia,M
Giordano Antonio,-----,Fratelli d'Italia,M
Giorgianni Carmen Letizia,let_giorgianni,Fratelli d'Italia,F
Giovine Silvio,silviogiovine,Fratelli d'Italia,M
Iaia Dario,dario123iaia,Fratelli d'Italia,M
Kelany Sara,SaraKelany_,Fratelli d'Italia,F
La Porta Chiara,ChiaraLaPorta,Fratelli d'Italia,F
La Salandra Giandonato,-----,Fratelli d'Italia,M
Lampis Gianni,Gianni_Lampis,Fratelli d'Italia,M
Lancellotta Elisabetta Christiana,-----,Fratelli d'Italia,F
Leo Maurizio,MaurizioLeo6,Fratelli d'Italia,M
Lollobrigida Francesco,FrancescoLollo1,Fratelli d'Italia,M
Longi Eliana,elianalongi,Fratelli d'Italia,F
Loperfido Emanuele,LopezPn,Fratelli d'Italia,M
Lucaselli Ylenja,ylucaselli,Fratelli d'Italia,F
Maccari Carlo,CarloMaccari,Fratelli d'Italia,M
Maerna Novo Umberto,UmbertoMaerna,Fratelli d'Italia,M
Maiorano Luigi Giovanni,-----,Fratelli d'Italia,M
Malagola Lorenzo,-----,Fratelli d'Italia,M
Malaguti Mauro,mmalaguti1,Fratelli d'Italia,M
Mantovani Lucrezia Maria Benedetta,mantovaniLu,Fratelli d'Italia,F
Marchetto Marina,-----,Fratelli d'Italia,F
Mascaretti Andrea,ndreamascaretti,Fratelli d'Italia,M
Maschio Ciro,CiroMaschio,Fratelli d'Italia,M
Matera Mariangela,-----,Fratelli d'Italia,F
Matteoni Nicole,NickyMatteoni,Fratelli d'Italia,F
Mattia Aldo,-----,Fratelli d'Italia,M
Maullu Stefano Giovanni,stefanomaullu,Fratelli d'Italia,M
Mazzi Gianmarco,gianmarco_mazzi,Fratelli d'Italia,M
Meloni Giorgia,GiorgiaMeloni,Fratelli d'Italia,F
Messina Manlio,ManlioMessina,Fratelli d'Italia,M
Michelotti Francesco,MichelottiF,Fratelli d'Italia,M
Milani Massimo,-----,Fratelli d'Italia,M
Mollicone Federico,fmollicone,Fratelli d'Italia,M
Montaruli Augusta,augustamontarul,Fratelli d'Italia,F
Morgante Maddalena,-----,Fratelli d'Italia,F
Mura Francesco,geometramura,Fratelli d'Italia,M
Nordio Carlo,-----,Fratelli d'Italia,M
Osnato Marco,MarcoOsnato,Fratelli d'Italia,M
Padovani Marco,-----,Fratelli d'Italia,M
Palombi Alessandro,AvvPalombi,Fratelli d'Italia,M
Pellicini Andrea,-----,Fratelli d'Italia,M
Perissa Marco,MarcoPerissa,Fratelli d'Italia,M
Pietrella Fabio,PietrellaFabio,Fratelli d'Italia,M
Polo Barbara,-----,Fratelli d'Italia,F
Pozzolo Emanuele,EmanuelePozzolo,Fratelli d'Italia,M
Prisco Emanuele,EmanuelePrisco,Fratelli d'Italia,M
Pulciani Paolo,-----,Fratelli d'Italia,M
Raimondo Carmine Fabio,fabiusrai,Fratelli d'Italia,M
Rampelli Fabio,fabiorampelli,Fratelli d'Italia,M
Rizzetto Walter,w_rizzetto,Fratelli d'Italia,M
Roccella Eugenia Maria,-----,Fratelli d'Italia,F
Roscani Fabio,FabioRoscani,Fratelli d'Italia,M
Rossi Angelo,-----,Fratelli d'Italia,M
Rossi Fabrizio,FabriRossiFdI,Fratelli d'Italia,M
Rosso Matteo,MatteoRosso67,Fratelli d'Italia,M
Rotelli Mauro,maurorotelli,Fratelli d'Italia,M
Rotondi Gianfranco,grotondi,Fratelli d'Italia,M
Ruspandini Massimo,mruspandini,Fratelli d'Italia,M
Russo Gaetana,GaetanaRusso81,Fratelli d'Italia,F
Sbardella Luca,luca_sbardella,Fratelli d'Italia,M
Schiano Di Visconti Michele,-----,Fratelli d'Italia,M
Schifone Marta,SchifoneM,Fratelli d'Italia,F
Silvestri Rachele,raksilv,Fratelli d'Italia,F
Testa Guerino,GuerinoTesta,Fratelli d'Italia,M
Trancassini Paolo,PTrancassini,Fratelli d'Italia,M
Tremaglia Andrea,atremaglia,Fratelli d'Italia,M
Tremonti Giulio,Giulio_Tremonti,Fratelli d'Italia,M
Urzi' Alessandro,urziale,Fratelli d'Italia,M
Varchi Maria Carolina,CarolinaVarchi,Fratelli d'Italia,F
Vietri Maria Immacolata,-----,Fratelli d'Italia,F
Vinci Gianluca,GianlucaVinci80,Fratelli d'Italia,M
Volpi Andrea,VolpiAnd,Fratelli d'Italia,M
Zucconi Riccardo,zucconideputato,Fratelli d'Italia,M
Zurzolo Immacolata,-----,Fratelli d'Italia,F
Andreuzza Giorgia,GiorgiAndreuzza,Lega,F
Angelucci Antonio,-----,Lega,M
Bagnai Alberto,AlbertoBagnai,Lega,M
Barabotti Andrea,a_barabotti,Lega,M
Bellomo Davide,BellomoDavide70,Lega,M
Benvenuto Alessandro Manuel,alebenvenuto,Lega,M
Bergamini Davide,DBERGAMINI1,Lega,M
Billi Simone,simo_billi,Lega,M
Bisa Ingrid,BisaIngrid,Lega,F
Bitonci Massimo,massimobitonci,Lega,M
Bof Gianangelo,bof_gianangelo,Lega,M
Bordonali Simona,SimonaBordonali,Lega,F
Bossi Umberto,-----,Lega,M
Bruzzone Francesco,BruzzoneLega,Lega,M
Candiani Stefano,CandianiStefano,Lega,M
Caparvi Virginio,VCaparvi,Lega,M
Carloni Mirco,mircocarloni,Lega,M
Carrà Anastasio,-----,Lega,M
Cattoi Vanessa,VCattoi,Lega,F
Cavandoli Laura,LaCavandoli,Lega,F
Cecchetti Fabrizio,FabriCecchetti,Lega,M
Centremero Giulio,GiulioCentemero,Lega,M
Coin Dimitri,DimitriCoin,Lega,M
Comaroli Silvana Andreina,ComaroliSilvana,Lega,F
Crippa Andrea,-----,Lega,M
Dara Andrea,daraandrea1,Lega,M
Di Mattina Salvatore Marcello,-----,Lega,M
Fontana Lorenzo,Fontana3Lorenzo,Lega,M
Formentini Paolo,PaoloFormentin1,Lega,M
Frassini Rebecca,rebeccafrassini,Lega,F
Freni Federico,-----,Lega,M
Furgiuele Domenico,DomenicoFurgiu1,Lega,M
Gava Vannia,VanniaGava,Lega,F
Giaccone Andrea,AndreaGiaccone,Lega,M
Giaconi Dario,-----,Lega,M
Giglio Vigna Alessandro,alevigna980,Lega,M
Giorgetti Giancarlo,-----,Lega,M
Gusmeroli Alberto Luigi,A_Gusmeroli,Lega,M
Iezzi Igor,igoriezzi,Lega,M
Latini Giorgia,latinigiorgia,Lega,F
Lazzarini Arianna,lazzariniari,Lega,F
Loizzo Simona,loizzosimona,Lega,F
Maccanti Elena,Elmac71,Lega,F
Marchetti Riccardo Augusto,RiccardoAugust3,Lega,M
Matone Simonetta,-----,Lega,F
Miele Giovanna,-----,Lega,F
Minardo Antonino,-----,Lega,M
Molinari Riccardo,MolinariRik,Lega,M
Molteni Nicola,NicolaMolteni,Lega,M
Montemagni Elisa,Eli_Montemagni,Lega,F
Morrone Jacopo,JacopoMorrone,Lega,M
Nisini Tiziana,TizianaNisini,Lega,F
Ottaviani Nicola,OttavianiNicola,Lega,M
Panizzut Massimiliano,MaxiPanizzut,Lega,M
Pierro Attilio,-----,Lega,M
Pizzimenti Graziano,-----,Lega,M
Pretto Erik Umberto,ErikPretto,Lega,M
Ravetto Laura,lauraravetto,Lega,F
Rixi Edoardo,edorixi,Lega,M
Sasso Rossano,roxsasso,Lega,M
Stefani Alberto,Stefanicamera,Lega,M
Sudano Valeria,SudanoValeria,Lega,F
Toccalini Luca,LucaToccalini,Lega,M
Ziello Edoardo,EdoardoZiello1,Lega,M
Zinzi Gianpiero,gianpierozinzi,Lega,M
Zoffili Eugenio,eugenio_zoffili,Lega,M
Aiello Davide,DavideAiello85,Movimento 5s,M
Alifano Enrica,-----,Movimento 5s,F
Amato Gaetano,-----,Movimento 5s,M
Appendino Chiara,c_appendino,Movimento 5s,F
Ascari Stefania,stefania_ascari,Movimento 5s,F
Auriemma Carmela,-----,Movimento 5s,F
Baldino Vittoria,BaldinoVittoria,Movimento 5s,F
Barzotti Valentina,barzottivale,Movimento 5s,F
Bruno Raffaele,-----,Movimento 5s,M
Cafiero De Raho Federico,-----,Movimento 5s,M
Cantone Luciano,cantone_dep,Movimento 5s,M
Cappelletti Enrico,e_cappelletti,Movimento 5s,M
Caramiello Alessandro,-----,Movimento 5s,M
Carmina Ida,idacarmina,Movimento 5s,F
Carotenuto Dario,Dario5S,Movimento 5s,M
Caso Antonio,-----,Movimento 5s,M
Cherchi Susanna,susannacherchi,Movimento 5s,F
Colucci Alfonso,colucci_alfonso,Movimento 5s,M
Conte Giuseppe,GiuseppeConteIT,Movimento 5s,M
Costa Sergio,SergioCosta_Gen,Movimento 5s,M
Dell'Olio Gianmauro,gmdellolio,Movimento 5s,M
Di Lauro Carmen,Carmen_DiLa,Movimento 5s,F
Donno Leonardo,LeonDonnoM5S,Movimento 5s,M
D'Orso Valentina,-----,Movimento 5s,F
Fede Giorgio,GiorgioFede,Movimento 5s,M
Fenu Emiliano,emiliano_fenu,Movimento 5s,M
Fontana Ilaria,ilariafontana5s,Movimento 5s,F
Giuliano Carla,-----,Movimento 5s,F
Gubitosa Michele,MicheleGubitosa,Movimento 5s,M
Iaria Antonino,AntoninoIaria5,Movimento 5s,M
L'Abbate Patty,Patty_LAbbate,Movimento 5s,F
Lomuti Arnaldo,LomutiArnaldo,Movimento 5s,M
Lovecchio Giorgio,Giorgiolovecc,Movimento 5s,M
Morfino Daniela,DanielaMorfino,Movimento 5s,F
Onori Federica,-----,Movimento 5s,F
Orrico Anna Laura,AnnaLauraOrrico,Movimento 5s,F
Pavanelli Emma,EmmaPavanelli,Movimento 5s,F
Pellegrini Marco,MPellegrini_m5s,Movimento 5s,M
Penza Pasqualino,-----,Movimento 5s,M
Quartini Andrea,quartini60,Movimento 5s,M
Raffa Angela,RaffaAngela,Movimento 5s,F
Ricciardi Marianna,-----,Movimento 5s,F
Ricciardi Riccardo,RicRicciardi,Movimento 5s,M
Santilo Agostino,Ago_SantilloM5S,Movimento 5s,M
Scerra Filippo,FilippoScerra,Movimento 5s,M
Scutellà Elisa,-----,Movimento 5s,F
Silvestri Francesco,FraSilvestriM5S,Movimento 5s,M
Sportiello Gilda,SportielloGilda,Movimento 5s,F
Todde Alessandra,Ale_ToddeM5S,Movimento 5s,F
Torto Daniela,daniela_torto,Movimento 5s,F
Traversi Roberto,TraversiRoberto,Movimento 5s,M
Tucci Riccardo,RicTucci,Movimento 5s,M
Bicchielli Pino,PBicchielli,Noi moderati,M
Cavo Ilaria,IlariaCavo,Noi moderati,F
Cesa Lorenzo,L_Cesa,Noi moderati,M
Colucci Alessandro,AleColucci1,Noi moderati,M
Lupi Maurizio,Maurizio_Lupi,Noi moderati,M
Pisano Calogero,lillopisano,Noi moderati,M
Romano Francesco Saverio,SaverioRomano,Noi moderati,M
Semenzato Martina,SemenzatoMarti,Noi moderati,F
Tirelli Franco,tirellifranco,Noi moderati,M
Amendola Vincenzo,amendolaenzo,Partito Democratico,M
Ascani Anna,AnnaAscani,Partito Democratico,F
Bakkali Ouidad,BakkaliOuidad,Partito Democratico,F
Barbagallo Anthony Emanuele,Ant_Barbagallo,Partito Democratico,M
Berruto Mauro,mauroberruto,Partito Democratico,M
Boldrini Laura,lauraboldrini,Partito Democratico,F
Bonafè Simona,simonabonafe,Partito Democratico,F
Braga Chiara,bragachiara,Partito Democratico,F
Carè Nicola,careitaly,Partito Democratico,M
Casu Andrea,andcasu,Partito Democratico,M
Ciani Paolo,ROMA_News,Partito Democratico,M
Cuperlo Gianni,giannicuperlo,Partito Democratico,M
Curti Augusto,augustocurtipd,Partito Democratico,M
D'Alfonso Luciano,lucianodalfonso,Partito Democratico,M
De Luca Piero,Piero_De_Luca,Partito Democratico,M
De Maria Andrea,andreademaria_,Partito Democratico,M
De Micheli Paola,paola_demicheli,Partito Democratico,F
Di Biase Michela,MichelaDiBiase1,Partito Democratico,F
Di Sanzo Christian Diego,chrisdisanzo,Partito Democratico,M
Fassino Piero,pierofassino,Partito Democratico,M
Ferrari Sara,-----,Partito Democratico,F
Forattini Antonella,AForattini,Partito Democratico,F
Fornaro Federico,Fornaro62,Partito Democratico,M
Fossi Emiliano,emifossi,Partito Democratico,M
Furfaro Marco,marcofurfaro,Partito Democratico,M
Ghio Valentina,ValentinaGhio2,Partito Democratico,F
Gianassi Federico,GianassiFede,Partito Democratico,M
Girelli Gian Antonio,GianniGirelli,Partito Democratico,M
Gnassi Andrea,andreagnassi,Partito Democratico,M
Graziano Stefano,stefgraziano,Partito Democratico,M
Gribaudo Chiara,chiaragribaudo,Partito Democratico,F
Guerini Lorenzo,guerini_lorenzo,Partito Democratico,M
Guerra Maria Cecilia,mceciguerra,Partito Democratico,F
Iacono Giovanna,GiovannaIacono8,Partito Democratico,F
Lacarra Marco,marco_lacarra,Partito Democratico,M
Lai Silvio,silviolai,Partito Democratico,M
Laus Mauro Antonio Donato,Maurolaus,Partito Democratico,M
Letta Enrico,EnricoLetta,Partito Democratico,M
Madia Maria Anna,mariannamadia,Partito Democratico,F
Malavasi Ilenia,Ileniamalavasi,Partito Democratico,F
Mancini Claudio,clamancini,Partito Democratico,M
Manzi Irene,ManziIrene,Partito Democratico,F
Marino Maria Stefania,msmarino_pd,Partito Democratico,F
Mauri Matteo,mmauripd,Partito Democratico,M
Merola Virginio,virginiomerola,Partito Democratico,M
Morassut Roberto,RMorassut,Partito Democratico,M
Orfini Matteo,orfini,Partito Democratico,M
Orlando Andrea,AndreaOrlandosp,Partito Democratico,M
Pagano Ubaldo,NativiPd_provBa,Partito Democratico,M
Peluffo Vinicio Giusseppe Guido,Vpeluffo,Partito Democratico,M
Porta Fabio,fabioporta5,Partito Democratico,M
Provenzano Giuseppe,peppeprovenzano,Partito Democratico,M
Quartapelle Procopio Lia,LiaQuartapelle,Partito Democratico,F
Ricciardi Toni,toniricciardi,Partito Democratico,M
Roggiani Silvia,SilviaRoggiani,Partito Democratico,F
Rossi Andrea,andrearossi76,Partito Democratico,M
Sarracino Marco,Marco_Sarra,Partito Democratico,M
Scarpa Rachele,ScarpaRachele,Partito Democratico,F
Schlein Elly,ellyesse,Partito Democratico,F
Scotto Arturo,Arturo_Scotto,Partito Democratico,M
Serrachiani Debora,serracchiani,Partito Democratico,F
Simiani Marco,marcosimiani,Partito Democratico,M
Speranza Roberto,robersperanza,Partito Democratico,M
Stefanazzi Claudio Michele,-----,Partito Democratico,M
Stumpo Nicola,NicoStumpo,Partito Democratico,M
Tabacci Bruno,BrunoTabacci,Partito Democratico,M
Vaccari Stefano,Tetovaccari,Partito Democratico,M
Zan Alessandro,ZanAlessandro,Partito Democratico,M
Zingaretti Nicola,nzingaretti,Partito Democratico,M
Paita Raffaella,raffaellapaita,Azione - Italia Viva,F
Gelmini Mariastella,msgelmini,Azione - Italia Viva,F
Fregolent Silvia,SilviaFregolent,Azione - Italia Viva,F
Lombardo Marco,mlombardo81,Azione - Italia Viva,M
Scalfarotto Ivan,ivanscalfarotto,Azione - Italia Viva,M
Calenda Carlo,CarloCalenda,Azione - Italia Viva,M
Renzi Matteo,matteorenzi,Azione - Italia Viva,M
Sbrollini Daniela,DaniSbrollini,Azione - Italia Viva,F
Versace Giusy,GiusyVersace,Azione - Italia Viva,F
De Poli Antonio,AntonioDePoli,Noi moderati,M
Salvitti Giorgio,-----,Noi moderati,M
Borghese Mario Alejandro,MarioBorgheseOK,Noi moderati,M
Biancofiore Michaela,BiancofioreMiky,Noi moderati,F
Guidi Antonio,OnAntonioGuidi,Noi moderati,M
Petrenga Giovanna,-----,Noi moderati,F
Ronzulli Licia,LiciaRonzulli,Forza Italia,F
Alberti Caselati Maria Elisabetta,Min_Casellati,Forza Italia,F
Barachini Alberto,abarachini,Forza Italia,M
Berlusconi Silvio,berlusconi,Forza Italia,M
Bernini Anna Maria,BerniniAM,Forza Italia,F
Craxi Stefania Gabriella Anastasia,stefaniacraxi,Forza Italia,F
Damiani Dario,DamianiDario,Forza Italia,M
Fazzone Claudio,-----,Forza Italia,M
Gasparri Maurizio,gasparripdl,Forza Italia,M
Lotito Claudio,-----,Forza Italia,M
Miccichè Gianfranco,miccichesud,Forza Italia,M
Occhiuto Mario,-----,Forza Italia,M
Paroli Adriano,paroli_adriano,Forza Italia,M
Rosso Roberto,RobertoRosso67,Forza Italia,M
Silvestro Francesco,-----,Forza Italia,M
Sisto Francesco Paolo,fp_sisto,Forza Italia,M
Zanettin Pierantonio,PierantonioZ,Forza Italia,M
Zangrillo Paolo,Paolo_Zangrillo,Forza Italia,M
Ciriani Luca,ciriani_luca,Fratelli d'Italia,M
Rauti Isabella,isabellarauti,Fratelli d'Italia,F
Malan Lucio,LucioMalan,Fratelli d'Italia,M
Iannone Antonio,AntonioIannone,Fratelli d'Italia,M
Ambrogio Paola,AmbrogioPaola,Fratelli d'Italia,F
Amidei Bartolomeo,amideibart,Fratelli d'Italia,M
Ancorotti Renato,AncorottiR,Fratelli d'Italia,M
Augello Andrea,-----,Fratelli d'Italia,M
Balboni Alberto,balboni_alberto,Fratelli d'Italia,M
Barcaiuolo Michele,barcaiuolo,Fratelli d'Italia,M
Berrino Gianni,GBerrino,Fratelli d'Italia,M
Bucalo Carmela,-----,Fratelli d'Italia,F
Butti Alessio,-----,Fratelli d'Italia,M
Calandrini Nicola,calandriniLT,Fratelli d'Italia,M
Campione Susanna Donatella,-----,Fratelli d'Italia,F
Castelli Guido,guidocastelli65,Fratelli d'Italia,M
Cosenza Giulia,-----,Fratelli d'Italia,F
De Carlo Luca,decarlosindaco,Fratelli d'Italia,M
De Priamo Andrea,AndreaDePriamo,Fratelli d'Italia,M
Della Porta Costanzo,costanzodporta,Fratelli d'Italia,M
Fallucchi Anna Maria,AnnaFallucchi,Fratelli d'Italia,F
Farolfi Marta,-----,Fratelli d'Italia,F
Fazzolari Giovanbattista,-----,Fratelli d'Italia,M
Garnero Santanchè Daniela,DSantanche,Fratelli d'Italia,F
Gelmetti Matteo,-----,Fratelli d'Italia,M
La Pietra Patrizio Giacomo,LaPietraSenato,Fratelli d'Italia,M
La Russa Ignazio,Ignazio_LaRussa,Fratelli d'Italia,M
Leonardi Elena,-----,Fratelli d'Italia,F
Liris Guido Quintino,guido_liris,Fratelli d'Italia,M
Lisei Marco,Marcolisei,Fratelli d'Italia,M
Maffoni Gianpietro,GianpietroMaffo,Fratelli d'Italia,M
Mancini Paola,-----,Fratelli d'Italia,F
Marcheschi Paolo,MarcheschiPaolo,Fratelli d'Italia,M
Matera Domenico,-----,Fratelli d'Italia,M
Melchiorre Filippo,FMelchiorre,Fratelli d'Italia,M
Menia Roberto,robertomenia,Fratelli d'Italia,M
Mennuni Lavinia,MennuniLavinia,Fratelli d'Italia,F
Mieli Ester,-----,Fratelli d'Italia,F
Musumeci Nello,Nello_Musumeci,Fratelli d'Italia,M
Nastri Gaetano,-----,Fratelli d'Italia,M
Nocco Vita Maria,-----,Fratelli d'Italia,F
Orsomarso Fausto,FOrsomarso,Fratelli d'Italia,M
Pera Marcello,-----,Fratelli d'Italia,M
Petrucci Simona,-----,Fratelli d'Italia,F
Pogliese Salvo,-----,Fratelli d'Italia,M
Rapani Ernesto,RapaniErnesto,Fratelli d'Italia,M
Rastrelli Sergio,-----,Fratelli d'Italia,M
Rosa Gianni,GianniRosa65,Fratelli d'Italia,M
Russo Raoul,raoulrusso,Fratelli d'Italia,M
Sallemi Salvatore,-----,Fratelli d'Italia,M
Satta Giovanni,-----,Fratelli d'Italia,M
Scurria Marco,MarcoScurria,Fratelli d'Italia,M
Sigismondi Etelwardo,EtelSigismondi,Fratelli d'Italia,M
Silvestroni Marco,Silvestroninews,Fratelli d'Italia,M
Sisler Sandro,sandrosisler,Fratelli d'Italia,M
Speranzon Raffaele,RSperanzon,Fratelli d'Italia,M
Spineli Domenica,corianosindaco,Fratelli d'Italia,F
Terzi Di Sant'Agata Giuliomaria,GiulioTerzi,Fratelli d'Italia,M
Tubetti Francesca,FrancescaTubett,Fratelli d'Italia,F
Urso Adolfo,adolfo_urso,Fratelli d'Italia,M
Zaffini Francesco,FrancoZaffini,Fratelli d'Italia,M
Zedda Antonella,ZeddaAntonella,Fratelli d'Italia,F
Zullo Ignazio,Zullo_Ignazio,Fratelli d'Italia,M
Romeo Massimiliano,maxromeoMB,Lega,M
Borghesi Stefano,BorghesiStefano,Lega,M
Bergesio Giorgio Maria,GiorgioBergesio,Lega,M
Bizzotto Mara,marabizzotto,Lega,F
Bongiorno Giulia,gbongiorno66,Lega,F
Borghi Claudio,borghi_claudio,Lega,M
Borgonzoni Lucia,senborgonzoni,Lega,F
Calderoli Roberto,-----,Lega,M
Cantalamessa Gianluca,-----,Lega,M
Cantù Maria Cristina,MariaCr49183334,Lega,F
Centinaio Gian Marco,giamma71,Lega,M
Dreosto Marco,MarcoDreosto,Lega,M
Durigon Claudio,ClaudioDurigon,Lega,M
Garavaglia Massimo,massimogara,Lega,M
Germanà Antonino,Nino_Germana,Lega,M
Marti Roberto,RobertoMarti74,Lega,M
Minasi Tilde,TildeMinasi,Lega,F
Morelli Alessandro,AMorelliMilano,Lega,M
Murelli Elena,MurelliElena,Lega,F
Ostellari Andrea,AndreaOstellari,Lega,M
Paganella Andrea,-----,Lega,M
Pirovano Daisy,DaisyPirovano,Lega,F
Potenti Manfredi,ManfrediPotenti,Lega,M
Pucciarelli Stefania,PucciarelliLega,Lega,F
Salvini Matteo,matteosalvinimi,Lega,M
Spelgatti Nicoletta,-----,Lega,F
Stefani Erika,erikastefani71,Lega,F
Testor Elena,TestorElena,Lega,F
Tosato Paolo,PaoloTosato3,Lega,M
Floridia Barbara,FloridiaBarbara,Movimento 5s,F
Maiorino Alessandra,MaiorinoM5S,Movimento 5s,F
Di Girolamo Gabriella,GabriDiGirolamo,Movimento 5s,F
Nave Luigi,luinave,Movimento 5s,M
Pirro Elisa,pirroelisa,Movimento 5s,F
Aloisio Vincenza,-----,Movimento 5s,F
Bevilacqua Dolores,-----,Movimento 5s,F
Bilotti Anna,bilotti_anna,Movimento 5s,F
Castellone Maria Domenica,MariaDomenicaC4,Movimento 5s,F
Castiello Francesco,-----,Movimento 5s,M
Cataldi Roberto,-----,Movimento 5s,M
Croatti Marco,CroattiMarco,Movimento 5s,M
Damante Concetta,-----,Movimento 5s,F
De Rosa Raffaele,-----,Movimento 5s,M
Guidolin Barbara,GuidolinBarbara,Movimento 5s,F
Licheri Ettore Antonio,ettore_licheri,Movimento 5s,M
Licheri Sabrina,sabrinalicheri,Movimento 5s,F
Lopreiato Ada,avvada,Movimento 5s,F
Lorefice Pietro,-----,Movimento 5s,M
Marton Bruno,Marton_Bruno,Movimento 5s,M
Mazzella Orfeo,MazzellaOrfeo,Movimento 5s,M
Naturale Gisella,GisellaNaturale,Movimento 5s,F
Patuanelli Stefano,SPatuanelli,Movimento 5s,M
Pirondini Luca,Lpirondini81,Movimento 5s,M
Scarpinato Roberto Maria Ferdinando,-----,Movimento 5s,M
Sironi Elena,-----,Movimento 5s,F
Trevisi Antonio Salvatore,TonyTrevisi,Movimento 5s,M
Turco Mario,marioturco_m5s,Movimento 5s,M
Malpezzi Simona Flavia,SimonaMalpezzi,Partito Democratico,F
Alfieri Alessandro,ale_alfieri,Partito Democratico,M
Lorenzin Beatrice,BeaLorenzin,Partito Democratico,F
Mirabelli Franco,FraMirabelli,Partito Democratico,M
Basso Lorenzo,lorenzobasso,Partito Democratico,M
D'Elia Cecilia,ceciliadelia,Partito Democratico,F
Zampa Sandra,szampa56,Partito Democratico,F
Irto Nicola,nicoirto,Partito Democratico,M
Misiani Antonio,antoniomisiani,Partito Democratico,M
Astorre Bruno,BrunoAstorre,Partito Democratico,M
Bazoli Alfredo,alfredobazoli,Partito Democratico,M
Boccia Francesco,-----,Partito Democratico,M
Borghi Enrico,EnricoBorghi1,Partito Democratico,M
Camusso Susanna Lina Giulia,SusannaCamusso,Partito Democratico,F
Casini Pier Ferdinando,Pierferdinando,Partito Democratico,M
Cottarelli Carlo,CottarelliCPI,Partito Democratico,M
Crisanti Andrea,CrisantiEuropa,Partito Democratico,M
Delrio Graziano,graziano_delrio,Partito Democratico,M
Fina Michele,michelefina,Partito Democratico,M
Franceschelli Silvio,-----,Partito Democratico,M
Franceschini Dario,dariofrance,Partito Democratico,M
Furlan Annamaria,FurlanAnnamaria,Partito Democratico,F
Giacobbe Francesco,sengiacobbe,Partito Democratico,M
Giorgis Andrea,giorgis65,Partito Democratico,M
La Marca Francesca,FrancescaLaMar,Partito Democratico,F
Losacco Alberto,albertolosacco,Partito Democratico,M
Manca Daniele,mancaimola,Partito Democratico,M
Martella Andrea,andreamartella,Partito Democratico,M
Meloni Marco,MarcoMeloni,Partito Democratico,M
Nicita Antonio,AntonioNicita,Partito Democratico,M
Parrini Dario,DarioParrini,Partito Democratico,M
Rando Vincenza,-----,Partito Democratico,F
Rojc Tatjana,tatjana_rojc,Partito Democratico,F
Rossomando Anna,RossomandoPd,Partito Democratico,F
Valente Valeria,ValeriaValente_,Partito Democratico,F
Verducci Francesco,cescverducci,Partito Democratico,M
Verini Walter,VeriniWalter,Partito Democratico,M
Zambito Ylenia,YleniaZambito,Partito Democratico,F
